54.GT,54.X,54.Y,55.GT,55.X,55.Y,56.GT,56.X,56.Y,57.GT,57.X,57.Y
AA,1.570,0.005,AA,1.644,0.003,AB,0.0,0.401,AA,1.60,0.007
AA,1.30,0.006,AA,1.32,0.005,AB,0.74,0.246,AA,1.364,0.002
AB,0.219,0.309,AA,0.569,0.010,AB,0.320,0.416,AA,0.569,0.01
AB,0.473,0.606,AA,1.27,0.022,AA,1.267,0.019,AA,1.226,0.013
BB,0.019,1.57,AB,0.636,0.777,AB,0.57,0.24,AB,0.519,0.940
AB,0.334,0.204,AB,0.361,0.240,BB,0.010,0.499,AB,0.397,0.215
AB,0.23,0.373,AB,0.277,0.317,BB,0.000,0.656,AB,0.27,0.333
AB,0.605,0.33,AB,0.603,0.360,AB,0.512,0.444,AB,0.615,0.35
AA,0.71,0.007,AB,0.39,0.653,AB,0.413,0.761,AB,0.465,0.772
AB,0.370,0.751,AB,0.32,0.710,AB,0.424,0.703,AB,0.403,0.697